title,brand,productGroup
Hillbilly Elegy: A Memoir of a Family and Culture in Crisis,imusti,Book
The Undoing Project: A Friendship That Changed Our Minds,,Book
Harry Potter Paperback Box Set (Books 1-7),Arthur A. Levine Books,Book
"Harry Potter and the Chamber of Secrets: The Illustrated Edition (Harry Potter, Book 2)",Arthur A. Levine Books,Book
The Magnolia Story,HarperCollins Christian Pub.,Book
"Tools of Titans: The Tactics, Routines, and Habits of Billionaires, Icons, and World-Class Performers",,Book
"Harry Potter and the Cursed Child, Parts 1 & 2, Special Rehearsal Edition Script",Scholastic,Book
Diary of a Wimpy Kid # 11: Double Down,Amulet Books,Book
Killing the Rising Sun: How America Vanquished World War II Japan,MacMillan Publishers,Book
"Perler Beads 6,000 Count Bucket-Multi Mix",Perler,Art and Craft Supply
"Elmer's Washable Glitter Glue, Classic Rainbow, Pack of 10 Pens  (E199)",Elmer's,Office Product
"Hopkins 532 Mallory 26"" Snow Brush with Foam Grip (Colors may vary)",Mallory USA,Automotive Parts and Accessories
Vornado MD1-0002 Replacement Humidifier Wick (2-Pack),Vornado,Home
"Panasonic ER430K Ear & Nose Trimmer with Vacuum Cleaning System, Men's, Wet/Dry, Battery-Operated",Panasonic,Beauty
Pro Art 18-Piece Sketch/Draw Pencil Set,Pro Art,Art and Craft Supply
Lasko 754200 Ceramic Heater with Adjustable Thermostat,Lasko,Home
Baby Einstein Take Along Tunes Musical Toy,Baby Einstein,Baby Product
Strathmore Series 400 Sketch Pads 9 in. x 12 in. - pad of 100,Strathmore,Art and Craft Supply
Art 101 142-Piece Wood Art Set,Art 101,Toy
Darice 80-Piece Deluxe Art Set,Darice,Art and Craft Supply
"HALO SleepSack 100% Cotton Wearable Blanket, Pink Pretty Paisley, Large",Halo,Baby Product
Gillette Mach3 Men's Razor Blade Refills 10 Count (packaging may vary),Gillette,Beauty
"Oster Cordless Electric Wine Bottle Opener with Foil Cutter, FFP",Oster,Kitchen
Sassy Developmental Bumpy Ball,Sassy,Baby Product
"Gillette Fusion Manual Men's Razor Blade Refills, 12 Count",Gillette,Beauty
Burt's Bees Essential Everyday Beauty Gift Set,Burt's Bees,Beauty
VTech Sit-to-Stand Learning Walker (Frustration Free Packaging),VTech,Toy
"Britax Car Seat Travel Cart, Black",Britax USA,Baby Product
Pampers Sensitive Wipes 7x Box 448 Count,Pampers,Health and Beauty
Netflix,"Netflix, Inc",Mobile Application
BLACK + DECKER CHV1410L 16 volt Lithium Cordless Dust Buster Hand Vac,BLACK+DECKER,Home
"Scotch Thermal Laminating Pouches, 8.9 x 11.4-Inches, 3 mil thick, 100-Pack (TP3854-100)",Scotch,Office Product
VTech KidiBeats Kids Drum Set,VTech,Toy
"Nuby Octopus Hoopla Bathtime Fun Toys, Purple",Nuby,Baby Product
ES File Explorer,ES Mobile,Mobile Application
"Ergodyne N-Ferno 6823 Wind-Resistant Hinged Balaclava, Black",Ergodyne,Home Improvement
Facebook,Facebook,Mobile Application
Minecraft: Pocket Edition,Mojang,Mobile Application
"Philips Norelco Multigroom Series 3100, 5 attachments, QG3330",Philips Norelco,Beauty
"Affresh Washer Machine Cleaner, 6-Tablets, 8.4 oz",Affresh,Home Improvement
VTech Touch and Swipe Baby Phone,VTech,Toy
Candy Crush Saga,King,Mobile Application
"Instant Pot IP-DUO60 7-in-1 Multi-Functional Pressure Cooker, 6Qt/1000W",Instant Pot,Kitchen
Frozen,Disney,Music
iRobot Roomba 614 Robotic Vacuum Cleaner,iRobot,Home
iOttie Easy One Touch 2 Car Mount Holder for iPhone 6s Plus 6s 5s 5c Samsung Galaxy S7 Edge S6 S5 Note 5,iOttie,Wireless
"Tombow Dual Brush Pen Art Markers, Bright, 10-Pack",Tombow,Office Product
"Gerber Unisex-Baby Newborn 5 Pack Neutral Variety Onesie, Bears, 6-9 Months",Gerber,Apparel
Facebook Messenger,Facebook,Mobile Application
YouTube,youtube.com,Mobile Application
Amazon Video,Amazon.com,Mobile Application
That's Christmas To Me,Provident Distribution Group,Music
Anker Astro E1 5200mAh Candy bar-Sized Ultra Compact Portable Charger (External Battery Power Bank) with High-Speed Charging PowerIQ Technology (Black),Anker,Wireless
"WizGear Universal Air Vent Magnetic Car Mount Holder with Fast Swift-Snap Technology for Smartphones and Mini Tablets, Black",WizGear,Wireless
"HALO SleepSack Micro Fleece Wearable Blanket, Gray Pooch, X-Large",Halo,Baby Product
"Philips Sonicare Essence Sonic Electric Rechargeable Toothbrush, White",Philips Sonicare,Beauty
"Heartybay 10Pieces Round Pointed Tip Nylon Hair Brush Set, Blue",heartybay,Art and Craft Supply
"InnoGear Aromatherapy Essential Oil Diffuser Portable Ultrasonic Diffusers with Color LED Lights Changing and Waterless Auto Shut-off Function for Home Office Bedroom Room, 100 mL",InnoGear,Health and Beauty
"Pure Body Naturals Beauty Dead Sea Mud Mask for Facial Treatment, 250g / 8.8 fl.oz",Pure Body Naturals,Beauty
"URPOWER 2nd Version Essential Oil Diffuser,100ml Aroma Essential Oil Cool Mist Humidifier with Adjustable Mist Mode,Waterless Auto Shut-off and 7 Color LED Lights Changing for Home Office Baby",URPOWER,Home
VTech Drop and Go Dump Truck,VTech,Toy
"Cambridge SoundWorks OontZ Angle 3 Next Generation Ultra Portable Wireless Bluetooth Speaker : Louder Volume 10W+, More Bass, Water Resistant, Perfect Speaker for Golf, Beach, Shower & Home (Black)",Cambridge Soundworks,Speakers
"SanDisk Ultra 32GB microSDHC UHS-I Card with Adapter, Grey/Red, Standard Packaging (SDSQUNC-032G-GN6MA)",SanDisk,Personal Computer
"SanDisk Ultra 64GB microSDXC UHS-I Card with Adapter, Grey/Red, Standard Packaging (SDSQUNC-064G-GN6MA)",SanDisk,Personal Computer
AmazonBasics Apple Certified Lightning to USB Cable - 6 Feet (1.8 Meters) - White,AmazonBasics,Wireless
AmazonBasics Apple Certified Lightning to USB Cable - 3 Feet (0.9 Meters) - Black,AmazonBasics,Wireless
"Ultrasonic Cool Mist Humidifier - Premium Humidifying Unit with Whisper-quiet Operation, Automatic Shut-off, and Night Light Function",Pure Enrichment,Home
Hamilton (Original Broadway Cast Recording)(Explicit)(2CD),WEA CORP,Music
"iPhone 7 6S 6 Screen Protector Glass, amFilm iPhone 7 Tempered Glass Screen Protector for Apple iPhone 7, iPhone 6S, iPhone 6 2016, 2015 (2-Pack)",amFilm,Wireless
"Aromatherapy Essential Oil Diffuser 7 colors - 120 ml Portable Ultrasonic Cool Mist Aroma Humidifier with changing Colored LED Lights, Waterless Auto Shut-off and Adjustable Mist mode",Radha Beauty,Health and Beauty
Mobile Strike,Epic War LLC,Mobile Application
Spectre,,Movie
The Hunger Games: Mockingjay - Part 2,,Movie
VicTsing 300ml Cool Mist Humidifier Ultrasonic Aroma Essential Oil Diffuser for Office Home Bedroom Living Room Study Yoga Spa - Wood Grain,VicTsing,Health and Beauty
Nulaxy Wireless In-Car Bluetooth FM Transmitter Radio Adapter Car Kit with 1.44 Inch Display and USB Car Charger,Nulaxy,Network Media Player
"Keurig K55 Single Serve Programmable K-Cup Pod Coffee Maker, Black",Keurig,Kitchen
"Columbia Baby Tiny Bear II Bunting, Camellia Rose, 12-18 Months",Columbia,Apparel
"Columbia Baby Boys' Snuggly Bunny Bunting, Collegiate Navy/Navy Animal, 18-24 Months",Columbia,Apparel
"Anker PowerCore 10000, One of the Smallest and Lightest 10000mAh External Batteries, Ultra-Compact, High-speed Charging Technology Power Bank for iPhone, Samsung Galaxy and More",Anker,Wireless
"Calvin Klein Baby 3 Piece Faux Fur Vest Set, Gray, 6/9 Months",Calvin Klein,Apparel
"Calvin Klein Baby Jacket with Zip Fron and Leggings Set, Black, 18 Months",Calvin Klein,Apparel
TROLLS (Original Motion Picture Soundtrack),VARIOUS,Music
"Bosch 16"" ICON Wiper Blade (2 Pack)",Bosch,Automotive Parts and Accessories
"Bosch 22"" ICON Wiper Blade (2 Pack)",Bosch,Automotive Parts and Accessories
"TaoTronics Bluetooth Headphones, Wireless 4.1 Magnetic Earbuds Stereo Earphones, Secure Fit for Sports with Built-in Mic [Upgraded Version]",TaoTronics,Wireless
Moana,,Music
The Secret Life of Pets,,Movie
"MARQ BrightStrip 5-300S | UL-Certified 5 Meter Flexible Light Strip with 300 Multi-Color LEDs, Timer Function, and Remote Control",MARQ,Musical Instruments
Bad Moms,,Movie
Jason Bourne,,Movie
DIRECTV NOW???£á???,"AT&T Services, Inc.",Mobile Application
Boost Band Black Portable Charger Wristband Phone Charger Power Bank,Boost Band,Wireless
Zutano Cozie Bootie - Heather Gray - 12M,Zutano,Shoes
"RockJam Electronic Roll Up MIDI Drum Kit with Built in Speakers, Foot Pedals, Drumsticks, and Power Supply",RockJam,Musical Instruments
War Dogs,,Movie
"Calvin Klein Hudson Chain Monogram Crossbody, Brown/Khaki/Luggage Saffiano",Calvin Klein,Apparel
Hardwired...To Self-Destruct (Limited Deluxe Edition),,Music
"Badgley Mischka Katrina, Black Combo",Badgley Mischka,Apparel
'Tis The Season,,Music
A Look Ahead at Season 7,,TV Series Episode Video on Demand
Game On,,TV Series Episode Video on Demand
A Pentatonix Christmas,Provident Distribution Group,Music
"Marc Jacobs Trooper Small Nomad, Black",Marc Jacobs,Apparel
"Jumbo Christmas Gift Tag Stickers 60 Count Modern Red, White, Silver, and Gold Xmas Designs - Looks Great on Gifts Presents, Wrapping Paper and Gift Bags.",Paper Tags,Health and Beauty
Blue & Lonesome,,Music
Suicide Squad Extended Cut,,Movie
"Opera, Art and Donuts",,TV Series Episode Video on Demand
"Nine West Addi Tote Large, Black/Black/Black",Nine West,Apparel
"Aldo Roredia, Black",Aldo,Apparel
"Aldo Ulaodien, Cognac",Aldo,Apparel
"Aldo Gleng, Natural",Aldo,Apparel
"Nine West Clean Living Tote Large, Black/Milk/Dk. Camel/Desert/Black",Nine West,Apparel
"Aldo Sambol, Cognac",Aldo,Apparel
Christmas Together,,Music
"Table Treasures Zip Around Wallet Wallet, MOODY BLUE/DYNASTY RED/MILK, One Size",Nine West,Shoes
"Bosch 18"" ICON Wiper Blades Bundle With Rain-X Glass Cleaner Wipe (3 Items)",Bosch,Automotive Parts and Accessories
